<?xml version="1.0" encoding="UTF-8"?>
<beans xmlns="http://www.springframework.org/schema/beans"
	xmlns:xsi="http://www.w3.org/2001/XMLSchema-instance"
	xsi:schemaLocation="http://www.springframework.org/schema/beans http://www.springframework.org/schema/beans/spring-beans.xsd">
	
	
	<!-- 		
		// 주입의 개념
		Calculator cal = new Calculator();
		MyCalculator mycal = new MyCalculator();
		
		mycal.setCalculator(new Calculator()); // 주입받은거
		
		mycal.setFirstNum(10);
		mycal.setSecondNum(2);
		
		mycal.add();
		-->
	
	
	<!--  Calculator cal = new com.javalec.ex.Calculator();  -->
	<bean id="cal" class="com.javalec.ex.Calculator"/> 
	<bean id="mycal" class="com.javalec.ex.MyCalculator">
		<property name="calculator">
			<ref bean="cal" />
		</property>
	<property name="firstNum" value="10"></property>
	<property name="secondNum" value="2"></property>
	
	</bean>
	
	<bean id="rectangle" class="com.javalec.ex.shape.Rectangle"> 
		<property name="height" value="10"></property>
		<property name="width" value="100"></property>	
	</bean>		

</beans>





