<?xml version="1.0" encoding="UTF-8"?>
<beans:beans xmlns="http://www.springframework.org/schema/mvc"
	xmlns:xsi="http://www.w3.org/2001/XMLSchema-instance"
	xmlns:beans="http://www.springframework.org/schema/beans"
	xmlns:context="http://www.springframework.org/schema/context"
	xsi:schemaLocation="http://www.springframework.org/schema/mvc https://www.springframework.org/schema/mvc/spring-mvc.xsd
		http://www.springframework.org/schema/beans https://www.springframework.org/schema/beans/spring-beans.xsd
		http://www.springframework.org/schema/context https://www.springframework.org/schema/context/spring-context.xsd">

	<!-- DispatcherServlet Context: defines this servlet's request-processing infrastructure -->
	
	<!-- Enables the Spring MVC @Controller programming model -->
	<annotation-driven />

	<!-- DispacherServlet 타지말고 다이렉트로 url 타게끔 설정 -->
	<!-- Handles HTTP GET requests for /resources/** by efficiently serving up static resources in the ${webappRoot}/resources directory -->
	<!-- mapping: 컨텍스트명 + resources-->
	<!-- location: /resources/home2.html   여기서 /는  wepapp -->
	
	<!-- http://localhost:8282/ex/   +   vendor/fontawesome-free/css/all.min.css -->
	<resources mapping="/resources/**" location="/resources/" />
	<!--  <resources mapping="/**" location="/resources/sb_admin/" /> -->
		
	<!-- Resolves views selected for rendering by @Controllers to .jsp resources in the /WEB-INF/views directory -->
	<beans:bean class="org.springframework.web.servlet.view.InternalResourceViewResolver">
		<beans:property name="prefix" value="/WEB-INF/views/" />
		<beans:property name="suffix" value=".jsp" />
	</beans:bean>
	
	<!--  <context:component-scan base-package="edu.kosmo.ex.controller" /> -->
	<context:component-scan base-package="edu.kosmo.ex.*" />
	
	
	
</beans:beans>
